domain,processId
alex-v2,aqDmctU0uKDdU7uax8DaAhyBFAVzeaZY05jy3tU7J74
atomic-ant-10,TcpfoPIxX6OdPk6GaYsL_FNJy-N7SbiwlEWHjPWAE5c
anthro,918wm8xjNdQBkpH34BS2xbmR970j1anlcatkgB3bw7M
whats-the-iguana-say,lcHqVhloooYtp2zwECT0g6olmTBOoL6TcqEaDPQzdjo
gunicorn,W7nx0lZjE_-tABS1xCgg4p0ZocZ1o4gzS-hIZwuQ5Go
account,MM7KMgvqI00dd3dLLTnc57RH_D2iUBDHJSHd47f3BEc
stamp-widget,MMwMZc0yqq4345i5eg4btN6EZy70WUYXXPpybYuUK-Y
josh,57jWNFawNVoW1ZRcc0SsOILrjD91mTgngL0uKmrFfck
osmosis,yx9wL6uPIXHMjWz5YoeQURCVe7KVWeJronzrhrBGs7w
latest-arprofile,r08yZZp6qKxJPmTkfW4oUjJudYs1frLFBhne8796DsE
healthinsurance,0t1nx9YSNWicUjZMlzozLpWC_bAf8tSljeko5Gd-mjM
feelingrelaxed,OFqMlG_iKorR7c-kWQLmQ76rIBAS7tGUmt72tp-3RlM
0xb17z,ZztzWQVt2FJkXyxjA095ew91TQGEOBaNppjUjyJHtVw
aditya,1FuyhMfarrxEy8oocQy-krRnP0VSwWCTNsvX2-3imVg
permapals,JYEv9yZS_b_-0m36EjKOIhsBVtuRRYG6puO2l6ZwRQM
testantthreeeeeeeeee,teEOLfCSch3sRxLLpnalA-1fGy-m4fYhWOS1FSa1v24
wevemail,YX-5JlvTs1sAGxCPR1bHKjFEQ6X1scnEt7szvzU4BqQ
youtube,AS4aF0NyCpqLJqrxgoi8FhOSxliMZvlsCbpaPe3khP8
mail,vAHM-OqGW1Iv2WDW7x2rKkRwLZGdjL9mQgVFMAJerrs
vouch-twitter,90QdzdJNQmfh1QGUaMPkrbKo_uD5ayJOPx485Nfg2lE
amazon,iTynQE97MoxltxYIgu6kprkmxDqjyg0YQJfXG0sHWUg
life,SiRgxF4M2CtE_2sElIbRnpBBq8MnRmzm5FHZU_RHlYQ
publicsquare,B95qUslEl1Q4tGrnoA6BO-6z9Q2thTnBgrGLH3IEAoI
arnotify,khF4iWhZamO29Ap0npG_C1s52pbxvJMKWttm3grMKVc
intro-flex,VoGomXIMxaxQM1OFsL51A4dJVwIECEHftDD7_z1eA9M
darkblock,q-ftR72ks3wRl4yC4R05_8M1erPq5Ef3k_N8KPlOjAg
arweavechess,JPPs1PvKAnTCGpullmB9bXEHMD3rduQ9aqtx0sqkc3U
crypto,1nbeW-GarC84eVN6nV7rYF4PPMrTFE5feKyffVmZFzs
123456789,S7shpj2rAsPL44919KPdRVV3hNyxtS6n2mAZez1HhLs
melville,8S6YvFwFYqQMQUpplRo3tsMVMTWky45VklCuoSS-uPQ
686868,Iwr4_I6iS_vfPwJamH_nVHGAyTJaLa7Uh1-2GHSnSOs
jest,6Uz5D-J-kHYHk_SZNafW_eCdJf7AXw6l2PfS1WHezHE
karl,EAyDIhZSVsvHWpqNdVfyZ-ozqiKKypJvffY8FHHFgiw
dominospizza,IR-aJBc9UuvSsE0fawGRUs2kKpY4hw7cNMOiUr5Fe_w
christopheradams,EqxyFX5YPzgUHZejsN8XXV8A1Fq8xUJpJaA-kD6_iWg
osprey,hhLIvBM3DMlr2A88HXSkbLUqEsZsIucQF-cZjFurg9E
om,l9MVS5ehmkCErZP45lNCbw8n0anhSBEf5H_hNCLbjfQ
xwcrypto,9Okrq_NlrshrG-cP8QOXy-219-Tqo-DPEAH-QZRuUaE
gaetan,L-eQRNMX4llZmmXt3L-spkfk7CX2xqojD1B0TWluTBk
atomic-ant-3,4dAsuJfT1zwfvBaibGXbekWasrqMAbCXMWmG_GTl6dM
support,LEu2Pi9Bf7rm8Zzs0UoiEGs3KOVXk_9EJPaHZYinRmY
notify,LOh3uz1lVejASCvn9zz1dsNgXLp5fpKPX1shR2Ftohs
melbourne,l5rJfir7EL67VdaimMyQVrt7spSPm5djItW63DEMvDc
profile-widget,ZulXLGWGcszp7SnX03dEalkyjOdzBhv8piRaoJqVBmk
new-name-demo-ant,0LaLa0-ONFfMinG8DmxGoE0yxc4NdxqSEB5FCV_Jhqs
jaknft,dK800s5sW3PyGyilnv4MovxY_KEPRSXXrqW3evlFew0
shroomkingdom,EiveoR3saw0GxMyzGB8mpcMAI8v0KrdrkQArcXN_JTw
66668888,hrvwaZ4_4gdkcbb0DHOfPKrSyLT99J9-lp3rVqZTXH4
bloggerdabber,8TD0QjlJcjVhSj6n-xeknR7JUZJByjbt-eZ1jrDKAnc
tylerchilds,UkP2yos3Qv7fL6Nzk9p2Ui6iu70KhCp2cb25VzuunJI
bible,HzLd3y-cQzsy22fTVXnflmQpdxxVth9h7Ix-H5xOJzg
qwsqws,FmtSywBqxzheWcZ5TfhK3ZvdNP4KfvsI2wrJ463tQGY
permamailtest,bRzY0kOk1luGctt52b-rwgUsZCisvo-FOG-z8qZJ-4s
deeplearning,6vkvx9lRu8ktkoYKRV0Bs4Aj2TnRjv2C1n_x3djF4FE
factotum,pAWQVfEppJAYWiCOCAbycfJRGcTPpCCPdCDS6EpwsEU
wednesday,HDzvNxo5u9xio2io0NjitFc2TdgjLF5JOGmC59GlehI
atomic-ant-11,U2d1GolHUwmkB351NWJdPeEB2VKSzDjMxrxgnncsxHU
luckygay,xMKcWyvkgq_IFWHJi-MaTqRKPbXxNvwo5NrOLz-hGHg
xxxxxxxxxxxxxxx1test,C098LR__37FVFOY6DIK_1XH52VClMUPI8bPgm3C59yU
handshakenft,-A7tjArIoeIlAXNLO6WgfwlXUW5nrMTrw1arcbnyv7k
permaweblink,i91qJ07zPICM1sM3bqaKXJTSrDE0RKeQvfwn0qrkgig
vilenarios,uVYBxCSMCSiRQYA0TYZe4Goo62bZY8f58KOiKz3NyE8
vitalikbuterin,I2LBmVZUKiBmVdnEyXbgocfNph6az_kkm2HarSR_-8Y
renderers-are-tight,l7WEeM-JcI1eluFcFmyg_hYakIBU7TVuVqNw8whITDg
paarugsethi,rlrXgW9-v6dznu40iyUOwrreyqv51urMSGjZgrfQyJw
photographerdao,LtKydsm7dVJLcbK5T1r0GqdEv6t7n4km9VD0VV3JA9s
iamhodling,fhmKYXrdO6CsKkM4HpRyWthd4T91jJMSnmJS-eNB8ao
permafacts-alpha-one,v8VLQTvJSZgXx_8HJs61KiqcIZaUwMZ5h2sr4Osskf0
archivor,pNlUmD9boElroLNKIj_gib2X2eI7oaQPljFVolnq9VM
transfers,IA7H-2vYueUj027K2CxbZQhxRr9ELvi7KwNhy8Bu9No
a666gs,iF4vljSUBAxdf8kI1O7CJ2iNIuwb0uuDo3H5S8ub-gk
tribuscollab,yUSQS_sF4mWn8KU1ZsFeAnfnNadmyYDqp4LOw3o0NUs
therootzone,WibqgekYdJxctwLWh97IWMtY4u_qDgw-p-9HazDJCQ0
chenvii,u-k3NKQzqUKP8B6AEugxzLXut0dYoG7ko4mUIwIBZqI
list,h6RBpcafhV9iv2IrP-Ipox7bc2WOtUGYk7iP8bCMC5Q
vouch-introduction,LlD3KpTIzZkTyLJ4hITuMMJlqQhydT_wr8wJHoxD6Bs
nothing,FDWOllzuncYrKda99eciWi2qOrY4q-dP4EJStjA6-eo
contacts,fedIZyQCz41of7iumNhXNzZO4SF1MQOXtgJ-2abnJao
hello3,z8qvLEx_h5izZqR-mH4Pxe8G7qhK6jRqXCGc6MvktRM
bigtone,NvhEJ4c_Y6pxmMFM-q1gTK0B67STFg4yMpmBlkC0xH4
alex-beta-v1,ALK0ejRXb2rrxgozc6e2IIF1if5iyhF6RaC3uOfj0xQ
get-your-bar-here,yMi1xhPE8Q5pNPB9o_Ol_Bk4alQdttFjxtcBlAGEb6I
gpersoon,B6jASciqgCK-Eh1Z8q2qs2IyqBX0tsG79xtIkhFDQIc
dzcodes,0OJ1Dl0H_fVvYdkidJFeXsFdqELWqlnb0zO8Gwurbgc
davidbridgeman,AUlBg9ypwVgmPi0tgfJehNkqWCLpXZj1KQxAQ8NLtNs
blockchainaholic,9BBzEaavRDm3oYhcpdS-E9BUBnPVdk3yy_eZvzGHEDA
universe,ldNzcMARsRoIGxj6ABA-A85tPPBMI_wQ-Xh9X6DMhHk
11pmgroup,7yo5SWXU3GYhRfmMWZw3HJXTODoNjmLCY0sStsyERYs
test-arns-bug-v001,z-lQJyi7PHaX6l0Jex29wcolRtBqMtg-w3GGxNU5A30
uniquestock,mZCajalX5_eIQTExIVV5rBb6qHF2ty4L2Lv4I_sWLdo
phunks,kjPP8o8eOaEgdU_T7ZXXbAEpmJWxWJU_o5GbK8I5AaY
hbauer,AVQOAVWJhTNITpMskFt-I2uA7OFJ_ufypEjaB5TFqHc
dtfiedler,6cgnbMFJhlEMKMPs8NkmLF_vxJw_eyufwJPfL38Y6-w
linux,qzfoh_DB-ARm62lBoSmSG-EvDh2Qrwv_aWE0C6W6ckM
blaaaaaaaaaaaaaaaaah,rBMw52sMnuBeO7pM9Pa86R3FbYW7MeZNOrgmpVMCaB0
facts,frch9OuY1rE3OT1vjEHeV7rcCE3doMbxxVwij0_xx4Q
special1,-hGM8UzZruc523dtCNDEj56k7-Iq8ZRGAXJlouOSSoI
ar,4gTAs-ERlVy10tiGL9n0yMTqk-3CbYp30BBUtOeaYhU
cryptocurrency,BCPbMIvJ9_Ap4BxYna8IBm_D5pXdJ84kvMc1q1Ahur8
pst,rsbcMayHcCbkO9EHDi7kSDFkIXFEm3aSi5EXBqZPpPs
what-is-bar,R3C0rMJIKM09jxlKT9FGlSKKWh124AI54u0TNyfVSkY
test-name,uveaxZPmxfEVJZryDU2bZfyzOI4kRKCO67wg1XYodlU
kermit,Umu6eRzL0KVBUhJ-q6K9Y32fFCB84Zr-1yQQuWVq300
redstone,HPDvOlYbo0anOgbdbBERvPgiCxu8uM5RXJDC-rjwhxI
newtesturl,GIcfa5YN_jcQo1B-t0d0XRrii_MafJCA8_JyRSIE0dc
juggernautbtc,0VU1DDoOzj8PXIFcPOvCJZKP2MxT1WRtn-UjECoMq7w
decentralize-ai,mSQz1UH17RYmh8QhwVNOQNYg2TA8mu5MAPQc0TqR9cs
warp,1p9R5bZ2kFM2LoY9AukZtHXU_IyWtcNqypV_siqFo2M
electronic,cIyZt-6qxMeSd8-ah0_NuELnttKRB8OrqRinIdZbhzk
test,Z_VDMEe8_wT7Sc6AVrpPkSP5DtpYAjQI6-4-yHZzLS0
xfirstpagessynthwave,xSpT8n5NKD--DdeF-bPrKrwb-NzrxOCPGJxhRnRhzD8
thedemitwor76test1,4HNlyGjTcmeIG-nXhqI1bxFYzRMU0Z3ghS4WakmjgG8
a6zzzs,vqUWfvSwdQQawMngPmYAizh0X0d8uOUYY-3j5xcDYF4
internet,UGiGe-YgwvPcNskYhrpWAgZUkA1hGAxsstc8LY1Jod4
seastin8,44YLtJVuHfpQ8vPTiZRnOnB07_lMl-TfhGL6R0bEjcg
romantic,JTLFAaIiKqgtTFnVvT0Ki8zZQdQ842rUsvA5Coq4pcI
123456,mrOr3EqsPKNa1NXE-okX0x30dZlW5UhH5AcaAdA1b70
ac3iso,eDCxbKs_kAV1r7bXH78wTJmANwJzBpYQ5RQt1LBUYbU
awbviousbop,XzvLj1tyseR2JOU8DK4wSJdBLXN5Z15XhK8IWmigai8
999999,2YGkt9lDa7QYrPk9Y3MrhQ_R158uCGWAZyAfQMDp5HU
testnet,ebuRmrsFaS3tAHgALQDztVtpQ8DPBwJhSn0Uj4k-s2g
ogres-have-layers-ar,Gkfq__PoElHsOdLCKV8c0OSo85NSiBK2QtGhPbnycY8
gm-vietnaaaaaaaaaaam,MuAeu_cQs0UASk1hx9h5InHgm1KA4tiLebMn1HsCPC0
recover,W0EquYwUT7eyz1tNRjoFXeG5Xla110c6kMw_usFHT0o
666666,r93amivvvUI1Mw7j9G9KkrJkmPnvLneDp4t96sjNjxg
qwsqwsqwsqwsqsqwsq,OGqd5VgpDWYr2TIOZceJYvzikma_j6W1xyc8SJcIoNc
graphtronauts,EUpkALjIcWh-Myr3IAkkRa3YUSPP1arHXis-seBdsfw
msfew,Shj35Ru2AMkJ6lm9f4vVeFJaMuuZNzEJbsTlEh8VdYI
6529,kXFywNVWkUoUShxGj7KS4AkyTDnretBL-RoPXO0rTk4
ar-converter,cP0RFcI6J-DehN3I1OsZnoQZYQIwsksUWOs7OXcSdRU
hypercubesarecool,zRxvg3UuDuqsVXwmhRc35D9ZUjJUealoGSue-ymMK74
graphtronautsindexer,htMMHfOTRfZ4AN23pWu7xn4TreLaGGs5ZRIkdrwre5g
turtles,xjnTYBwsRmej6mwn5WEEjAgUVSnrPkNVujB2sLZ3HkM
0xb1vcelsius,DhQC6_tok7aZxlqGYVKcKx_PMbV-IR0Enaqcsd7-w0M
atomic-assets,qWasSoF_-g9jSd7oegOTD1GMWB19-UMliRorL3BHl3Q
forever,ntDTD6KEYOBT1yyvDtganij4LthwuUBIMSjuuK4GA1c
twitter-woxly,fnHlGNU-e_I4qXDf0HKn8lTZ61RyKavbg6LC9rrVZz0
blockchain,FsxH3nuuvV8eZ-mK6KJYC6NZCW0srnpn5gbPEbE6j-w
cryptogirls,ParzaeNKgfTqkc6_Y_scatcq7lG2SjxA9WrY3hwInsY
andrew,HKrM479Y6gsLpY25VD58Ir0es91gPWw_RgqGtD87Z7A
lolcchekc,k0kLAGyYcsUvRnrK4r96MKX7jAJc4Q5CB0c8BfvgN1s
connect,0XYbOOB5WQJ6AsUMRuizem9L5x27zBOVMTDrfhYtSWk
0x123456,ke7mpjE0iaaxhQqRKKT2fiTs35bPkMuGei8RrwLqO_g
hotdog,FT_K4GWMKKCcwdr7HiLTWOt-LgeP0EP2IV6OIwR0MiE
entrepreneurs,x57_Tnc8uVomEBdSVLyJOu5mFd8GsBZsJuBDxXgnP-U
yologuy,Kq6HJXG9bCvAM9oC6oLv3MLRSylrrW-zzkd4rY-GAqs
permanet,ldjI47FWfUVC7oA-GW98eJpHXoU36axwkcHxM7BjDko
dameon,WLNFaWTfx5xAToR-ECXXnu8MUL1A9S-Ogdtgrv-OR-4
satyvm,109AjoIl2H42SB-klm-ibhsdgbjMzayPGIMXQmHQ_Qo
transaction,UuqWALyAzSEVujnftn23NBkPPZUcEvq6b9AVzvEbcN4
bysleda,OSXr99KDpFcpfwBdmIfJIQ4h3liUWEnhMLHNJNdn164
atticusofsparta,-_THRDC2hWdXH4rhczOAY6b71-3M8i6jorLkc3rfbSU
marcus,iDT2VhQyW3l6DBOY0wrSmSZ264Fnti-2GTT0QklCZ14
mardeni,pWJwfvIVbomFNwA6EWnaqFA1woEoafu14aaqDZeZdm4
alexatallah,psF8SUa9RNyZlQXr5JTkqMHYe4AM92rEmUiAK14kXMI
permatweet,FFbiIQ9RmcKzJuzr435Vgul3qDQsagSRaH6XazRSmZQ
defiplunt,9Rt3QlK67jKqITIMgmu2z08pVXCHMk779F8YJD0j7kw
australia,9iSlKrU-culXNFe3zhJ2h-XZJCBBkr_zO3Ke9YaOatQ
stamp-frame,N5bnTFwxxVQoHFlJIuGrYi6OxSHtnZ_zh7-gPBaXZ_g
genesis,_h9CsOuXBGCoespPOukp6XeNZ2OXQW7_L8q7Ga6tZxw
totally-not-here-rn,Aj9BMnPbemMTDeJHN7DMZlQj6kRa6rKWQAnzLVuWMSc
medicare,o9tQHSbrxJ7DArGAB-dWPiom6kH0SkyiuOXhiFfGwIY
permamail,w8PwuOMdeCr07pCJRkt_IheVb1zxL_sIz9NBBX2Q9Jk
zkdoof,YAnVFphE16sFlsURdpLYnCyvlTl18cVUXy7ImEqAAu4
hashmeta,mkv2c9dljkqUzGwZ7xY7rUUu4DJBTn3hjQn-aSvRf9k
apetapes,H56vOJ1VR00KwLc8VOF-6nJ-fN0xcCPG4G6jVqta0nQ
scott,te2oMhHw3wk__MJLbGW8C9KhEJw2rfcA2YfmCQ3i4J8
webofvalue,dM2tbC7sJItFjtKlzRK_5LAHfXOCU54J9E2Ff1wxzr4
lorimer,8qOwT3zf6Z7rzmuRUcTHrMmO8ScU_l0LKAHKajdQTws
gsteam999,18D52fcj8XtMfEuvSUY2zATcx6OTZU_hcw703SZFjxE
gotojedi,4DunMPuNNnrwl9AH6smATUp6jztrasyzywwchPpafXI
contract-explorer,VXuCPFrS8xFveaXI04cuG1zE290G9AZB-S4dk-1TIWY
kjkdhclashdclksdjclk,8hdt1wPuQmYEgOLrOHvxr9scptyqUWsgDXXrFmunNHk
babyshark-dododododo,xGpLYUluOuOM9g1wAEPpe5TnXNQDrC2iceBPheV1xUc
atomic-ant-5,x_OCG3HUGpOaSorF15J9Py10-YexVJpBv3OdgjrXOXY
england,CtnUi-VVqwvE-SpQG6RpCS-s74upVKbERUVvOXjuAeI
echo,8yDIW0pkmzWOsOUNHc1kJ8PUVJnENpPPEYByx6pjBBk
domain-example-alex,nxbcwbFdkshuLKKKQ29e_6XkjYe7KELBqOKEyX4LlAg
asseenontv,GMfjXm7HwIpKdGe5FYmcyJ0xCcKkbhnofaLHtfKdULA
ario,RmTMf6yDQSy0mV0jbbL-lkAoXm05cGKrRUk3tB1CJQQ
ropats16,WA4peU8iEQYA7gEdEOeOZkL3lHbBZKGY1j-z_NZJCC4
unskilledfather,wskEZZaDfHsL895YEagyRtnIbYzyoF-Lp2Nrk-grxBo
777777,pSykXIxCs7oKNs62An4fiCJcVPcWCUjDS68wtDO9sdY
summerglasses,g9i6-YMpFk6GtjZK6yIsX-8kvIF1ZSbLRpqRPMfD2zY
innerinetco,2B5x2yTS5WweNf2u6I7dXnhJIMfj72sa24RH5I4OJeI
jenson,U7IBmRHePzLtMqZh2hqVlTstPS1ohb1mxMl29P-KFg4
foundation,EHlkNp6xj4XE5iS5CLIjwUQIOzDrzf2JJFWOD3tCeZQ
liquidlabs,n84eStE1BG7vzqV7QNZCHjM3FrwHbjFUWLRCUKKLgpQ
fearfromcnesia,UFP-XUqXJu2oEhfwsaY_DNJ-3mh9s4dxEu5cezem3OI
moguls,UKz5TfOKWBsHCJxFM9fe0Klj2EMnmA11znGEjIaHWCg
michiel,s_NIlMejmpLNuyrXKwEDfvujNcZthQp6bLDcnu5o8GE
devdaowomen,f1qZGu-LrJu_IYq-IU0NoYWKmYvEuKih-4zMmnyHUlo
storage,-ySEKut5MKEZgBOgXmxqrVMzs93BtPKh9UfI4emvRzc
kevin,O90HqY4_PvhklauZFTYelF4KE1AEyYXpuFujcFLFbPM
nader,nB0ZyBSW6rKRonf3tCHfr2H7Fl6YtdIeXwfD1jEtsIQ
pierre,aSumFYrenUgYJiQSTDRx2VRJFV7Fk6hDVE0Y78EeJFg
very-long-cheap-test,Cmb_WRSSRxM5lL6bMe8h8RRfJDJREFXolz4oE6r0U1w
hyper,PuWPuFK7WwsHnb-clVmFFjJJphnbFkm3yeZH6HUOE7w
dmac,NHJgTrTljKtGKjXx_EyxnCQdWAZAqWkO3WBATfXt6Ws
marketing,jK6zfocrm21us2s6eyrqcgrMX_apoiFExH01M--7dmM
david,2MDoQ3MS-qPfsxMfF8UpLSyJMAzN-occISj98Sd1Drw
hello2,8OwpDLIkgSnXuA07r6a_rSJMcEpX86VW5b_aAHvfvjQ
cookbook,PEO0fOgeV-CIByz2CKzw_A43EZe6prJB9XW3qZQBz88
gql-guide,6xRBxujZmc8OiLkU_rVg_ET3itMbIcyPIqxDdAKSxYo
vellit,oCxYQajH5aW_4XTa0mxXzryPM76t7EeENPhfIRmHXQ4
grow-crew,-MWZqjEQINSsOSktp-8YHWJK3J0MODDV6LVuPZUjTMA
vote-for-rick,jOxUwn0xQ9X2pUjeHaAWj_WeSBMDxvfPrNgT7zQYbJY
chloet,SFpqfqqvsTuzjLz6lICxsyIb4pvETvt4pxllw9CDYU8
wedwe,X4pkwZDahsubnlCswDn9sd0y594_h_yuTIqaHXS9Y7o
sbigroup,KmihTT6jyuiOLPEYwgeEzuhS08ex7O4n0u5e77YAt0M
satoshi,7OzrPktGVrZQJK1lrLYwnITzIewEcaUkZk9nuk8dJ_8
dedeniz,58UsXgJQDLyO8NPe0Ev18yHZQJ00JhZqYKrqEEsbYi8
daikai,ZTu9TiV_P-lQguFf7gysUGa7b-kxBQhEWqHSN5yQMaM
moon,tSnZ7_ZRSIJHu9UWz1Pk2Ogmb8-bEZDv3omr1wHYmwY
daniel,k38UVAU53xnAVD83_d8Ba-U3e7gEN7Zhe_k3DYH2Fjs
oiwejoweijwpe,M4_UITsdUlxgEy1YYmoOQS60exhraidZowSc4qTjD3M
ardriveapk,OuOMPX_z-9_edr8MGLjFnPSxNObkJ8eA0uOCqWYf3K4
wiki,nuGoUCngI3Y6cHSVy6Vh011_vAcBkF41Bsix-MBBWaQ
finalserenity,gLe7GgJwUi0jrS-GEcL1LTfjiUsPZp-XyM29XS3QCtE
bagholdervc,6lktOwM_z7YGBY9ILtH2xQt-uwBVwiS8Uh0ga9SGfjE
druuuuuuuuuuuuuuuugs,7zQxTmPGIapRN7pd-2i-omjT0vMWn6Rhh8nCsXjy_9A
search,D9GE_RrxDCObcJum-d56Gtq1jxf5Viz07iqpuaobHEg
computers,YTELZsFwr4CVrg4cNStIqXIB_KIYUpzIazdrUkxSIfg
sart,dVlBF8ET28VGMzkVHRVZlzDaNeV44Y3tPsDZRXNLFFE
stamp-log,5nggWzT60UH9zfhj6nrSVQaRvN-pdBpMkoxZJgp99fI
ros,BDOBNe_h0Vaw8KOF8vL3lahT7mNNoLls_sKloDfgjd8
andresmontoya,Hp2Ad9w76B1TiJpZzzWt0rbEuBHci-cBiAlk91cc_Bo
turkiye,37KjUVJZFslY2kRoMmXk3BgSTfiGglFGF0z0TMowVZg
alex-operator-guide,6nfduywHm5Oz9GyLZ0lghudrEFMKXd7NEwavBgcR3H8
detoo-eth,V2ljW294-W2NTG9Jxk4d_4Xs3jiKOB6R2XH1hPsX3pI
goliath,3akfTAgKcJAgBKkKae5BJ8gTqlSbcVMR8cxXtuPn1S8
christmas,FYE1LN6DG9tGyzcdPL5wKa_yBR9E1epye28M2iAWodc
222222,Tj0HP0zKu7CITZxB62vm6lEOj8vCKcyhPgPh04GV6Tw
jewelry4kids,MGAqNGTMzZa4u3Pvekq7zxCpdruxhiqP3OKRF6iqH8M
september,vMyGCdt5dqw2x09v_uDl7V8ETuLvnJNV49LUcpA33p8
marton,MPNDcSQDwzwsvNAmaeTCn9y0yZIX-HJ7JhEAh9mNZ50
megabyte0x,VZV5HASLuj2wULCGXfQWBj6m1MgQ8dVjF3x4ix3Y76s
apps,EHnty04GvIgf231SoS7oAXAod5HQQsKJ6v8ByKIkwIw
cccccccccccccccccccc,QlqYh2gjr1xa-4XDfulkw6_HLq22WiWTS58RHV5pJLE
social-icons,TWgzFlWTB3br6HHvy_vbgqyNcASytTZZdm-xykAPQ6A
douganderson444,JZ2lzbdiR8I-o5DPi3vd_IfTLR8eYbHvOocvrTtfSpc
verto,MWft0qkcikhW7epabSdkaJO-u1BYao1tN8OMHoshJds
brian,YAJ9f9HCTdnAvRxgK7L8VYUILneE2dtFwlC7HNQ4XHE
winnie,Uj_yutNrM9fPRIaiFeSXvWy69cVYWsZ7M_pLsQUZDVs
kempsterrrr,cd8PwJROw1QW6Y48AIKUB7nzfr6Fa7BGBkhkqGIb1OY
lpb,aEuSieVzkkoZnC3nbdwvsUvUew0q0T10Q2lCdDyDm_I
jones,7APvVw_rKQ00-_DZtRMDerMZiUSWm6tWNIqsT07phqI
davidkong,8DFlAe4iVtqElysbkabb9axA5GU7XKCFE9YzWUzryBg
iphone,W6DkmgRawXjzbibOiPzBmpqLix52gUPYkfVljDg0x_0
joshcstein,1Z2iFaxI-RCoyGa7nCKrVPQqbqXZqJDWJ4uOfcBOZ4c
druidsgrove,QzdhAcun3t0yTKydwnbzVgvkhj8IFaewdXaQXSWAl10
feb-15-2023-test,EEXff9QYdZLyh5dsBbBZxjQ5d4uc-U6aQE2XWKZFJLY
fiedler2,8mvV6lpmte-IBzGImR9XGO-oFKwZsu91am8cvbY0udY
888888,Dw765W71Lz-syzNhIHpZgssAFd3WkRMiqFjCy5hA0lM
id,H1MplXD7np4K_I-YTrRMKKXSvYVL4DWewCNSjpQ0KGE
microsoft,plDUzv5UKtMxKebM25xpfXqUO-Na4zPS9h0ypEAdc_4
dizercapital,-FbjXMLg7btMzndd_mV3cIJig7wjDAAGvGLCcFkzgvs
bitrabbit,PBF6tp3g5vMg6Q7b7iOs5tFw1xpaHWHfj9RnuL1PlEk
bidhan,mztl6dFDWJlMzYenDCWwQatIjjeDf2OqZgznYOKLnfI
render-anything,fxa4UZZEMktVNCe1VEaYhvtVEUO16otj9lo2XUbOcMg
decenter,VS3F-or_k5InDQxlCfA4IOB8Nvm_cSjFxl3CQ5vQLGY
danzhou,HqImalUSlWOdnCpylo2HULyvm08SWPezsrAGGI8dDEk
isiahhill,EDX5c57YIQ8tcjbxWlwH5EWdHEDiW4o5FErt2Gh3pYw
textcryptochi1986111,97aB6AO3903GGN6znNoCjQTN_uE1DLZZEPe1is2tLKA
hemming,PeoXD__1mkgb_mMHVJX_8whBgZEclJ3M-F7TmboT7I0
jwst,kk3_XJYiCwQaQ4KPGOpiYCBoubMCrytMfy7JCtjPOHQ
arprofile,LnqRUVkY-5BkUXPt-SEgKkO6NQ1PR_kIeH6Y2QVixhI
asia,xX-_ZRU36hKexHLs_rPuGANLDQlb9bUOC7Eo-gblY5I
stamp,cKduMiMTnk38mdwD-Zu_td1YiMFa36AtOB3Dd52cWqg
mymail,VbzxQ-9d8b36cJk_K8-V4_Fwpc0t1lrgFV9aRLv6r8Q
cosmos,hJ9BS5m8G4Lf-TClds0Q62tnfSnwG1JLQYi6rVP0Lvo
marcin,vesUZEIvxV84Jqw35tnib0PxizwFLewQbU9vr31s5fA
thememes,fqyfhdSuazzL78kc4boaQGsOa73yJrhWwyyM8jQr-yQ
marslab,l-s3ZVquO9f6IlyTiEjV3wYC6q_vqg18-UgmKmTRv-c
web3world,EcNmM7sY5q2VnR9bl_ZRqt793dFVk3__HnbUu3eZXaE
patrickbateman,ilguNTv8roIJUGHNQJxNT9mYd3oh9fpu0ezo8n1pUFs
uyekt23,1ytggdblMxNo2rr1uHNBL3jTQdovGTsOiYh0gNGqx5E
timkot,mTaLki9KtIxrV1zt-nrGDL2nSPemXWtmubEPI24L1vk
testanttwooooooooooo,a6mUxAu9IWIIgjaWl9NKo4l49k3WxtoyQ5wBzWhoexQ
shark-bait-is-candy,3EX00Y-rMpan-ioqKYuQlR3Flz3DycPNwH9hlG-2B8k
ariyan,Wiyy2KImC2W3tYiKH163XgHHdvqCU07hicEu4kkxdqQ
nijatoes,_u0o-HQ7DYSNuSRZbNCww-Y_mkYtYhH5lxVrMnbdomA
permalinktree,aCCXjUhke0rlYEqQUe-6twHBWz0duZElfaq2a0Aj3BQ
xurannn,bnpFs7mKKYWIcsySPqHPCQKwW_mo_EGsOm-XzBlFyI4
zero-to-arweave,Yqf7bP8pUr-0aWYYGySfBiY562tuAAK7pn_qASeDmFY
docs,PEkkGgEo9fZSQ8sm1GbABbnDrhNPj9DS3dVl-aoJ9A0
some-new-name-for-te,AKfQULhTihIpGHOCCmWO0IXI3igPkD3iRLUt12FhHMc
pascal,466UHSgbJ5WgyuPtnZbBv2ego7weiqJeC1JMWp35dCk
awbviouscrypto,WaY8nopqEumLTHm5kwugGRauOQnKEPs8FI4Nv43sY3c
datadanne,wFwWeOQqfrVvm7255tGgOi_PBxdmqR1c8UOfarMHbmQ
fairstudio,IK5arMvBjX_-UTf2WS9wbVpkf3qZjvR2YF72OclCfZk
fwd-test-site,1UDgumnaX8j0p0JaD4poNDRMXP_-BUM1TaSfxsVpFWY
bar,1TLBLvw6v_rRiqif22gzCJD7904gshQ9rz_JFQh527A
ens-sucks-onion-skin,ttM7wziGm1bQJC0QBk6NWQvHPfporxVZORRodpxiYUM
winston,mVSLLBNQqDLKlBxZpHG5gsBhR4gKDrmB1FN0_RTsdDo
example,tIxQi3ogDMiwM9RDfMOghU7AGkFUYHbFAcCiHLLkJI4
get-your-bar-docs,5mXuptXpHKvJ002Kd2iow8L3W8zFa9VLXMqmj-kRt4o
exchange,UqJ4tGeEkjx5ZFapWejDnBhN28J5u9fFrdE-UoKtjcI
angrymouse,Z9qb0PmMCvP1lKtZQbX4bc9IF3HjhHJpDp2iO7FR4_0
paolodiomede,JYZVFgWKRGOLAooE1bI1VAt5gybVJ-10qI1V7QWyXsw
permapages,5bL_BafM9pQjwGver25es1_0gUEGHqb7jbccfQMHXms
binance,gafS8zL7kb0uAD3QgoggmahBNyy_NtJjZbXSdcw2wQk
permanotes,1LiDA0DvSQX0O8QfLZgE2WY8O88mFuL6ZzufVDBTp8M
mouse,zB-zfYy0NZcK7esrr6MgjERNJWQ_o4S1y4fgNYF5rdc
arweavefarsi,6ZaTjQngT-S72I2e-QaevlL-1BKqXvQ93nHjyyKIAs0
pornhub,s0zNPcKPp8Rr8hTnaO5O1vFHDXXybnAf7itW2YqLJLs
its-funny-cause-its,rpjxV5eV7CBDVG4y3eP5J4rODS0ebdsc6tvFY-QCkN0
javed,SlAvy5o0H9tF_iCI3Y5djKYuvr5CA-Adwmrcfx-J6ak
nik,bjy2CNM0yPC_k74_TZkHblVRCMEeVgu9qOALn4Uhqzg
testantoneeeeeeeeeee,5FEwlHgejMsDuOIl8dngAGylON22IKgVi1RanNYcOcw
jonathan,beFVwGGLcUxTp89KhdnCRM1dPN6uGo26hpunF8Z2btU
permacat,6_m9Gn_woPcyU7H8Fsr51q9D7kjCKxvLef37CKl2E08
img,kbZ20Q4QPcLZYETVpf4VV5rjbjBuQjKt_cOVeV4m5Jc
jonniesparkles,WBYbtNRiTm00wKbgW4A2Q29E_QilOG4zy8eMZpKqUT0
weavetracks,l_z8TsV9uvAVJ9EAUXW9A1puYZWv9cKKqTo4oLVVpBE
falco,pd2kWT3PmgpxNN99gZgJumENTs7LyaXBp578U-c_2RE
worldnews,OLesM8WtUEbzPCkDwPq3-T6Rlp8Kx56R5BjPKWu_ZwY
recaptcha-vouch,8f3bZIX1S7_w97QcUBUfidG9D_43xd5F8XK70jci7sA
zzzzzz,czqtkVXHpJmCErhCzUGQHyElFusDLjT2d9DpCWBgvEI
gregogun,T2hfkJvoLhwdnbIfklmEVnh7uUnzRV26IoW8LpIvOWw
bendumoulin,h403KcFbsUeOt6nqRGCDSKFyQrMeCxlfdewitGQlePE
permafacts-renderers,r4a6gJyU7dabKTCSsm8MpLI5bgHiwpOJTRcy2_ak7N8
clabs,E91jIgOZjx3iJdRmD_0sywZ31-AgHuEoeg9A72F70oM
technology,ZQj2xodiIzy0EK_yeBC6nPLIEQYpEBpK1eKu7jQ9jCo
aaronsim,PCh7A68TjJE8BDnVvVZr6D1hKPywSXT6PDE0FP38PwY
ty,cSSATbj5xAtlsDWYCLP2c8ojEO2F5kvpg0BeL5RhT8k
adam,tKVNZKUJo49M2WIMR9zQ1kt6IMSNGgnr0W04VKDHjY4
0x646464,I6YGnYNtyAffdz0x5-YOlLAXC_weBPcOTatCnjcqD1c
blockweave,yvejtyz1fkPrR7MHVTumiJHX0sAmVbxvt7pxY_nwtsk
dabit3,Rhv5Gu2L7hHxMPJF52f1dasYPOwYj14i1KTphJSUGBM
wikipedia,61_DhhXm9FtVppgHz9nzURJkSqphPL1E8ArlTRVs-SU
crunchy-things-hurt,Ws95q8z2JnaGA89CKWiOdzlgemA1uY854b2t01WXPi0
forward,n9f-IxBN3VIMD6xMWddbVQgwnma85O3qOYI8PuhOfjg
fwd,JeV4k7xF26NXRSMzSdwRfMQM8CQf5IkwcTlC-MD6euU
niknax,Km17xylg_rTqIN-kuz3WbwxVSPaTFNgQqRLmcVjR4GU
worldwariii,ZarcHb6D34S19fsXxv0wcI-h1wvaH-wYBkDzBFiUV7Q
luxorcode,P5JXnON4DQrBWdA0g9sV2DMKMdrfo8tcyd0_VM0QbtE
gergergerg,-HaVtHxXBHOgB9fFm3cjp8qxFjmx4V8QXf674JdpE7c
joshcs,pLBK1SwvqnSlTlBcFdpV3RoxaCw7ATICKYTaLx1lQ0I
register-new-alex-pl,BwB92LkKnVBNIc2C9OioJpVdja-F33XPhrrNtyrNanU
california,q5q_ltCGXOdlcfVwJa3TyhV00Go18eO_b0QjnI7PtPw
chawyehsu,9hVtZCYxw7Jlx37EOU6SLRbQPms2i_vbP8Twam8swWc
itsanuness,zAGQ9uOtU1CFVRbXbCBWcG9Oe2JKVmu9ia3uSRJEkkk
rickydata,fuw3cI8D1x0_G95umWpwwjfdS7Te_2y1FTAmPm63QOI
diamond,9nmhNp-3D4aXrej26RSyhzszb314_LLyUYrdzAnALtI
rareweave,EMZCbu-A23b4hIWhy35zUKqASq-dTft60dti3UgWepI
angry,3-j14yU33Fup4u87Gctfv2F6MK8ptcM4Y7L80o8IdJA
farellon,e1NhVbdeeIpG3wGQeF2i-sEsI4xFs-XyYtYAc7Lwjos
wayne,bNQqBylYGb6SxS7uDVaw0a408cZAe-vdOAFbU036bek
pixel4te,fYwWerRC7udDsqtV_xXirGydwjFHl2OTZoWgMEwKdos
coovxrp,l57f7heSdwwZ4rk4zj7WQna6QPvhcNmbIJ6T59zmINI
stanleycup,06fqeIzL0ODiPMKFYCO1xHXfZf_u-YTd6xe8IhnW4LU
arcademy,uSUZr20gtytRb9mxpQydsK30ahIBSYBWkOM5Gf7YTFg
aiweave,LtrBxQk5Q_OazBhkkm3aE61eWeQltLIuoRW8Tlgrt6Q
